<?xml version="1.0" encoding="UTF-8"?>
<AXLDiag xmlns:xsi="http://www.w3.org/2001/XMLSchema-instance" xsi:noNamespaceSchemaLocation="AXLDiag.xsd" Version="1.00"><Controller><IPAddress d1="192" d2="168" d3="1" d4="102"/><SubnetMask d1="255" d2="255" d3="255" d4="0"/><DefaultGateway d1="0" d2="0" d3="0" d4="0"/><DNSName>ied-axc-1050</DNSName><StationName></StationName><ModuleEquipmentId></ModuleEquipmentId><DeviceName></DeviceName><FdcmlFileName>ETHERNET\Phoenix Contact\AXC_1050_dtmv01_3.00.xml</FdcmlFileName><Modules><Module Slot="1"><ArticleName>AXL F DI8/1 DO8/1 1H</ArticleName><VendorName>Phoenix Contact</VendorName><OrderNumber>2701916</OrderNumber><Version>00/--</Version><Family>AXL F</Family><Location></Location><EquipmentId></EquipmentId><AppSpecAddress>0</AppSpecAddress><ProcessDataLength>8</ProcessDataLength><LowerDeviceType>221</LowerDeviceType><UpperDeviceType>12582913</UpperDeviceType></Module></Modules></Controller></AXLDiag>
