<?xml version="1.0" encoding="UTF-8"?>
<PLCs><PLC BrokerType="3" DTAOutOffset="0" DTAInOffset="1024" Directory="c:\dev\demo_61850\pcworx\bin\demo_61850\c\std_cnf\r\std_res\"><DisplayInfo ID="16" DefaultLabel="# Axioline " EquipmentID=""/><Device RemoteBus="0" LocalBus="0"><DisplayInfo ID="26" DefaultLabel="# 1 AXL F DI8/1 DO8/1 1H " EquipmentID=""/><Terminal><DisplayInfo ID="trm00" DefaultLabel="00" EquipmentID=""/><PDI DataLength="1" Direction="Input" ReadOnly="true"><DisplayInfo ID="io00" DefaultLabel="IN0" EquipmentID=""/><IBAddressInfo MPMAddressByteOffset="1025" MPMAddressBitOffset="0" BytePosition="0" BitPosition="0" PDIndex="0" IsDefaultPDI="false"/></PDI></Terminal><Terminal><DisplayInfo ID="trm01" DefaultLabel="01" EquipmentID=""/><PDI DataLength="1" Direction="Input" ReadOnly="true"><DisplayInfo ID="io01" DefaultLabel="IN1" EquipmentID=""/><IBAddressInfo MPMAddressByteOffset="1025" MPMAddressBitOffset="1" BytePosition="0" BitPosition="1" PDIndex="0" IsDefaultPDI="false"/></PDI></Terminal><Terminal><DisplayInfo ID="trm10" DefaultLabel="10" EquipmentID=""/><PDI DataLength="1" Direction="Input" ReadOnly="true"><DisplayInfo ID="io10" DefaultLabel="IN2" EquipmentID=""/><IBAddressInfo MPMAddressByteOffset="1025" MPMAddressBitOffset="2" BytePosition="0" BitPosition="2" PDIndex="0" IsDefaultPDI="false"/></PDI></Terminal><Terminal><DisplayInfo ID="trm11" DefaultLabel="11" EquipmentID=""/><PDI DataLength="1" Direction="Input" ReadOnly="true"><DisplayInfo ID="io11" DefaultLabel="IN3" EquipmentID=""/><IBAddressInfo MPMAddressByteOffset="1025" MPMAddressBitOffset="3" BytePosition="0" BitPosition="3" PDIndex="0" IsDefaultPDI="false"/></PDI></Terminal><Terminal><DisplayInfo ID="trm20" DefaultLabel="20" EquipmentID=""/><PDI DataLength="1" Direction="Input" ReadOnly="true"><DisplayInfo ID="io20" DefaultLabel="IN4" EquipmentID=""/><IBAddressInfo MPMAddressByteOffset="1025" MPMAddressBitOffset="4" BytePosition="0" BitPosition="4" PDIndex="0" IsDefaultPDI="false"/></PDI></Terminal><Terminal><DisplayInfo ID="trm21" DefaultLabel="21" EquipmentID=""/><PDI DataLength="1" Direction="Input" ReadOnly="true"><DisplayInfo ID="io21" DefaultLabel="IN5" EquipmentID=""/><IBAddressInfo MPMAddressByteOffset="1025" MPMAddressBitOffset="5" BytePosition="0" BitPosition="5" PDIndex="0" IsDefaultPDI="false"/></PDI></Terminal><Terminal><DisplayInfo ID="trm30" DefaultLabel="30" EquipmentID=""/><PDI DataLength="1" Direction="Input" ReadOnly="true"><DisplayInfo ID="io30" DefaultLabel="IN6" EquipmentID=""/><IBAddressInfo MPMAddressByteOffset="1025" MPMAddressBitOffset="6" BytePosition="0" BitPosition="6" PDIndex="0" IsDefaultPDI="false"/></PDI></Terminal><Terminal><DisplayInfo ID="trm31" DefaultLabel="31" EquipmentID=""/><PDI DataLength="1" Direction="Input" ReadOnly="true"><DisplayInfo ID="io31" DefaultLabel="IN7" EquipmentID=""/><IBAddressInfo MPMAddressByteOffset="1025" MPMAddressBitOffset="7" BytePosition="0" BitPosition="7" PDIndex="0" IsDefaultPDI="false"/></PDI></Terminal><Terminal><DisplayInfo ID="trm02" DefaultLabel="02" EquipmentID=""/><PDI DataLength="1" Direction="Output" ReadOnly="true"><DisplayInfo ID="io02" DefaultLabel="OUT0" EquipmentID=""/><IBAddressInfo MPMAddressByteOffset="1" MPMAddressBitOffset="0" BytePosition="0" BitPosition="0" PDIndex="0" IsDefaultPDI="false"/></PDI></Terminal><Terminal><DisplayInfo ID="trm03" DefaultLabel="03" EquipmentID=""/><PDI DataLength="1" Direction="Output" ReadOnly="true"><DisplayInfo ID="io03" DefaultLabel="OUT1" EquipmentID=""/><IBAddressInfo MPMAddressByteOffset="1" MPMAddressBitOffset="1" BytePosition="0" BitPosition="1" PDIndex="0" IsDefaultPDI="false"/></PDI></Terminal><Terminal><DisplayInfo ID="trm12" DefaultLabel="12" EquipmentID=""/><PDI DataLength="1" Direction="Output" ReadOnly="true"><DisplayInfo ID="io12" DefaultLabel="OUT2" EquipmentID=""/><IBAddressInfo MPMAddressByteOffset="1" MPMAddressBitOffset="2" BytePosition="0" BitPosition="2" PDIndex="0" IsDefaultPDI="false"/></PDI></Terminal><Terminal><DisplayInfo ID="trm13" DefaultLabel="13" EquipmentID=""/><PDI DataLength="1" Direction="Output" ReadOnly="true"><DisplayInfo ID="io13" DefaultLabel="OUT3" EquipmentID=""/><IBAddressInfo MPMAddressByteOffset="1" MPMAddressBitOffset="3" BytePosition="0" BitPosition="3" PDIndex="0" IsDefaultPDI="false"/></PDI></Terminal><Terminal><DisplayInfo ID="trm22" DefaultLabel="22" EquipmentID=""/><PDI DataLength="1" Direction="Output" ReadOnly="true"><DisplayInfo ID="io22" DefaultLabel="OUT4" EquipmentID=""/><IBAddressInfo MPMAddressByteOffset="1" MPMAddressBitOffset="4" BytePosition="0" BitPosition="4" PDIndex="0" IsDefaultPDI="false"/></PDI></Terminal><Terminal><DisplayInfo ID="trm23" DefaultLabel="23" EquipmentID=""/><PDI DataLength="1" Direction="Output" ReadOnly="true"><DisplayInfo ID="io23" DefaultLabel="OUT5" EquipmentID=""/><IBAddressInfo MPMAddressByteOffset="1" MPMAddressBitOffset="5" BytePosition="0" BitPosition="5" PDIndex="0" IsDefaultPDI="false"/></PDI></Terminal><Terminal><DisplayInfo ID="trm32" DefaultLabel="32" EquipmentID=""/><PDI DataLength="1" Direction="Output" ReadOnly="true"><DisplayInfo ID="io32" DefaultLabel="OUT6" EquipmentID=""/><IBAddressInfo MPMAddressByteOffset="1" MPMAddressBitOffset="6" BytePosition="0" BitPosition="6" PDIndex="0" IsDefaultPDI="false"/></PDI></Terminal><Terminal><DisplayInfo ID="trm33" DefaultLabel="33" EquipmentID=""/><PDI DataLength="1" Direction="Output" ReadOnly="true"><DisplayInfo ID="io33" DefaultLabel="OUT7" EquipmentID=""/><IBAddressInfo MPMAddressByteOffset="1" MPMAddressBitOffset="7" BytePosition="0" BitPosition="7" PDIndex="0" IsDefaultPDI="false"/></PDI></Terminal></Device></PLC></PLCs>
